Date,Open,High,Low,Adj Close,TR,DM+,DM-,TR14,DM+_14,DM-_14,DI*,DI-,D*_Sum,Di+_Diff,DX,ADX
3/29/2018,41.952499,42.9375,41.724998,40.170258,,,,,,,,,,,,
4/2/2018,41.66,42.235001,41.1175,39.906898,2.064743,0,0.607498,,,,,,,,,
4/3/2018,41.91,42.1875,41.220001,40.316311,2.280602,0,0,,,,,,,,,
4/4/2018,41.220001,43.002499,41.192501,41.087254,2.686188,0,0,,,,,,,,,
4/5/2018,43.145,43.557499,43.02,41.372158,2.470245,0.555,0,,,,,,,,,
4/6/2018,42.7425,43.119999,42.049999,40.313919,1.747841,0,0.970001,,,,,,,,,
4/9/2018,42.470001,43.272499,42.462502,40.713757,2.95858,0.1525,0,,,,,,,,,
4/10/2018,43.25,43.5,42.8825,41.4799,2.786243,0.227501,0,,,,,,,,,
4/11/2018,43.057499,43.48,42.924999,41.285976,2.0001,0,0,,,,,,,,,
4/12/2018,43.352501,43.75,43.259998,41.692978,2.464024,0.27,0,,,,,,,,,
4/13/2018,43.695,43.959999,43.462502,41.834248,2.267021,0,0,,,,,,,,,
4/16/2018,43.7575,44.047501,43.7075,42.095215,2.213253,0.087502,0,,,,,,,,,
4/17/2018,44.122501,44.735001,44.102501,42.674622,2.639786,0,0,,,,,,,,,
4/18/2018,44.452499,44.705002,44.220001,42.578854,2.03038,0,0,,,,,,,,,
4/19/2018,43.439999,43.8475,43.165001,41.372158,1.268646,0,1.055,31.877652,1.292503,2.632499,4.054574032,8.258133315,12.31270735,4.203559283,34.14000808,
4/20/2018,42.650002,42.805,41.357498,39.677055,1.447502,0,1.807503,31.04817886,1.200181357,4.251966357,3.865545102,13.69473674,17.56028184,9.829191638,55.97399704,
4/23/2018,41.7075,41.73,41.022499,39.562134,2.052945,0,0.334999,30.8833968,1.114454117,4.283253474,3.608586597,13.86911389,17.47770049,10.26052729,58.70639162,
4/24/2018,41.4175,41.5825,40.305,39.011459,2.020366,0,0.717499,30.69780588,1.034850252,4.694805798,3.371088656,15.29362006,18.66470871,11.9225314,63.87740406,
4/25/2018,40.654999,41.355,40.602501,39.181454,2.343541,0,0,30.84864646,0.960932377,4.359462526,3.114990403,14.13177895,17.24676935,11.01678855,63.87740406,
4/26/2018,41.029999,41.432499,40.842499,39.317917,2.251045,0.077499,0,30.89621671,0.96979335,4.048072346,3.138874118,13.10216194,16.24103605,9.963287818,61.34638077,
4/27/2018,41,41.0825,40.157501,38.863022,1.764583,0,0.684998,30.45392709,0.900522396,4.443922321,2.956999252,14.59228003,17.54927928,11.63528078,66.30061891,
4/30/2018,40.532501,41.814999,40.459999,39.566914,2.951977,0,0,31.23062359,0.836199368,4.126499298,2.677498147,13.21299041,15.89048855,10.53549226,66.30061891,
5/1/2018,41.602501,42.299999,41.317501,40.486305,2.733085,0.485,0,31.73294976,1.261470842,3.831749348,3.975271291,12.07498634,16.05025763,8.099715048,50.46470427,
5/2/2018,43.807499,44.4375,43.450001,42.274788,3.951195,0,0,33.41750549,1.171365782,3.558052966,3.505246021,10.64727278,14.1525188,7.142026761,50.46470427,
5/3/2018,43.970001,44.375,43.610001,42.351398,2.100212,0,0,33.13075281,1.087696797,3.303906326,3.283042807,9.972324942,13.25536775,6.689282134,50.46470427,
5/4/2018,44.5625,46.0625,44.5425,44.012993,3.711102,0,0,34.47537247,1.010004169,3.067913017,2.929639614,8.89885387,11.82849348,5.969214256,50.46470427,
5/7/2018,46.294998,46.9175,46.1875,44.331417,2.904507,0.855,0,34.91735286,1.792861014,2.848776373,5.134584574,8.158626412,13.29321099,3.024041837,22.74876883,
5/8/2018,46.247501,46.555,45.9175,44.54451,2.223583,0,0.27,34.64683923,1.664799513,2.915292346,4.805054515,8.414309677,13.21936419,3.609255162,27.30278937,51.60237134
5/9/2018,46.637501,46.849998,46.305,44.858154,2.305488,0.294998,0,34.477553,1.840883262,2.707057179,5.339367507,7.851651127,13.19101863,2.51228362,19.04541029,49.27687412
5/10/2018,46.935001,47.592499,46.912498,45.499802,2.734345,0,0,34.74921564,1.7093916,2.513695952,4.919223553,7.233820693,12.15304425,2.314597139,19.04541029,47.11748385
5/11/2018,47.372501,47.514999,46.862499,45.326756,2.015197,0,0.049999,34.28232581,1.5872922,2.384145241,4.630059842,6.954444264,11.58450411,2.324384421,20.06460009,45.18513501
5/14/2018,47.252499,47.3825,46.965,45.220997,2.055744,0,0,33.88933225,1.473914186,2.213849152,4.349198075,6.532584164,10.88178224,2.183386089,20.06460009,43.39081108
5/15/2018,46.695,46.767502,46.275002,44.810013,1.546505,0,0.689998,33.01517066,1.368634601,2.74571507,4.145471836,8.316525448,12.46199728,4.171053612,33.47018554,42.68219497
5/16/2018,46.517502,47.115002,46.5,45.228203,2.304989,0,0,32.96193319,1.270874987,2.549592565,3.855583893,7.73496066,11.59054455,3.879376767,33.47018554,42.0241943
5/17/2018,47,47.227501,46.59,44.9422,1.999298,0,0,32.60680739,1.180098202,2.36747881,3.619177395,7.260688794,10.87986619,3.6415114,33.47018554,41.41319367
5/18/2018,46.797501,46.952499,46.532501,44.778767,2.010299,0,0.057499,32.28804872,1.095805473,2.255872181,3.393842356,6.986709543,10.3805519,3.592867186,34.61152375,40.92736011
5/21/2018,47,47.317501,46.727501,45.09602,2.538734,0,0,32.52049352,1.017533654,2.094738454,3.128899791,6.441287406,9.570187197,3.312387615,34.61152375,40.47622894
5/22/2018,47.095001,47.220001,46.695,44.983055,2.123981,0,0.032501,32.32158213,0.944852679,1.977615278,2.923287217,6.118559638,9.041846855,3.195272421,35.33871423,40.1092636
5/23/2018,46.587502,47.125,46.439999,45.271473,2.141945,0,0.255001,32.15484269,0.877363202,2.091358044,2.72855697,6.504022005,9.232578975,3.775465035,40.89285393,40.16523434
5/24/2018,47.192501,47.209999,46.552502,45.220997,1.938526,0.084999,0,31.79659421,0.899693401,1.941975327,2.829527576,6.107494764,8.93702234,3.277967189,36.67851622,39.91618305
5/25/2018,47.057499,47.412498,46.912498,45.324341,2.191501,0.202499,0,31.71690991,1.037928587,1.803262803,3.272477016,5.685493349,8.957970365,2.413016333,26.93708769,38.98910481
5/29/2018,46.900002,47.1875,46.717499,45.160915,1.863159,0,0.194999,31.31457535,0.963790831,1.869457318,3.077770719,5.969927092,9.047697812,2.892156373,31.96566059,38.48743022
5/30/2018,46.93,47,46.695,45.064781,1.839085,0,0.022499,30.91690497,0.894948629,1.758423652,2.894690234,5.687579834,8.582270068,2.7928896,32.54255084,38.06279598
5/31/2018,46.805,47.057499,46.535,44.913357,1.992718,0,0.16,30.70127261,0.831023727,1.792821963,2.706805471,5.839568885,8.546374355,3.132763414,36.65605184,37.96231425
6/1/2018,46.997501,47.564999,46.9375,45.72332,2.651642,0,0,31.15996657,0.771664889,1.664763251,2.476462506,5.342634907,7.819097414,2.866172401,36.65605184,37.8690098
6/4/2018,47.91,48.355,47.837502,46.105476,2.63168,0.790001,0,31.56593467,1.506546968,1.54585159,4.772698747,4.897214692,9.669913438,0.124515945,1.28766349,35.25605649
6/5/2018,48.267502,48.485001,48.09,46.461185,2.379525,0.130001,0,31.69075005,1.528937471,1.435433619,4.824554383,4.529503458,9.354057841,0.295050925,3.154255939,32.96307073
6/6/2018,48.407501,48.52,47.98,46.622211,2.058815,0,0.11,31.48594005,1.419727651,1.442902647,4.509084528,4.582688795,9.091773324,0.073604267,0.809569974,30.66639211
6/7/2018,48.535,48.549999,48.084999,46.497238,1.927788,0.029999,0,31.16473233,1.348317533,1.339838172,4.32642103,4.299212834,8.625633863,0.027208196,0.315434164,28.49846654
6/8/2018,47.7925,48,47.442501,46.074219,1.502762,0,0.642498,30.44144202,1.252009138,1.886633445,4.112844383,6.197582375,10.31042676,2.084737992,20.21970614,27.90712651
6/11/2018,47.837502,47.9925,47.552502,45.961258,1.918281,0,0,30.1853343,1.162579914,1.751873913,3.851472713,5.803725398,9.655198111,1.952252685,20.21970614,27.35802506
6/12/2018,47.8475,48.1525,47.787498,46.213631,2.191242,0.16,0,30.220481,1.239538492,1.626740063,4.101650439,5.382905926,9.484556366,1.281255487,13.50886049,26.36879902
6/13/2018,48.105,48.220001,47.610001,45.833885,2.00637,0,0.177497,30.06824521,1.151000028,1.688041344,3.827958764,5.614033449,9.441992214,1.786074685,18.91629059,25.83647699
6/14/2018,47.887501,47.892502,47.555,45.857925,2.058617,0,0.055001,29.97913041,1.06878574,1.622467962,3.565099206,5.411991408,8.977090614,1.846892203,20.57339379,25.46054247
6/15/2018,47.5075,47.540001,47.064999,45.386829,1.682076,0,0.490001,29.51983995,0.992443902,1.996578393,3.361955563,6.763513612,10.12546918,3.401558049,33.59407836,26.04150932
6/18/2018,46.970001,47.305,46.799999,45.362808,1.918171,0,0.265,29.32945096,0.921555051,2.118965651,3.142080814,7.224702754,10.36678357,4.08262194,39.38176111,26.99438445
6/19/2018,46.285,46.5825,45.862499,44.629757,1.219692,0,0.9375,28.45418217,0.855729691,2.905110962,3.007395136,10.20978549,13.21718062,7.20239035,54.4926377,28.9585454
6/20/2018,46.587502,46.799999,46.432499,44.824425,2.170242,0.217499,0,28.59198259,1.012105141,2.697603036,3.53982148,9.434823302,12.97464478,5.895001822,45.43478392,30.13541958
6/21/2018,46.8125,47.087502,46.235001,44.574471,2.263077,0,0,28.81277512,0.939811917,2.504917105,3.261788957,8.693772448,11.9555614,5.431983491,45.43478392,31.22823132
6/22/2018,46.529999,46.537498,46.174999,44.444683,1.963027,0,0.060002,28.71774675,0.872682494,2.385996454,3.038826485,8.308438941,11.34726543,5.269612456,46.43949232,32.31474996
6/25/2018,45.849998,46.23,45.182499,43.783745,1.785317,0,0.9925,28.45179613,0.81034803,3.208068136,2.84814367,11.27545032,14.12359399,8.427306645,59.66828736,34.26857406
6/26/2018,45.747501,46.6325,45.634998,44.326912,2.848755,0.4025,0,29.26827998,1.154966028,2.978920412,3.946135643,10.17798249,14.12411814,6.231846851,44.1220244,34.97239194
6/27/2018,46.307499,46.82,46.0075,44.26202,2.493088,0.1875,0,29.67077655,1.259968455,2.766140383,4.246496389,9.322777171,13.56927356,5.076280782,37.41011455,35.14651498
6/28/2018,46.025002,46.552502,45.950001,44.584084,2.290482,0,0.057499,29.84191737,1.169970708,2.626057927,3.920561449,8.799896784,12.72045823,4.879335335,38.35817268,35.3759191
6/29/2018,46.572498,46.797501,45.727501,44.490349,2.213417,0,0,29.92376884,1.086401372,2.438482361,3.630563307,8.148981412,11.77954472,4.518418105,38.35817268,35.58893722
7/2/2018,45.955002,46.825001,45.855,44.987869,2.334652,0.0275,0,30.12100878,1.036301274,2.264305049,3.44046005,7.517361273,10.95782132,4.076901223,37.20539971,35.70439882
7/3/2018,46.947498,46.987499,45.884998,44.204342,1.99963,0,0,29.96913815,0.962279754,2.102568974,3.210902326,7.015780579,10.22668291,3.804878252,37.20539971,35.81161317
7/5/2018,46.314999,46.602501,46.07,44.560047,2.398159,0,0,30.22664443,0.893545486,1.952385476,2.956151776,6.459153879,9.415305655,3.503002103,37.20539971,35.91116935
7/6/2018,46.355,47.107498,46.299999,45.177738,2.547451,0,0,30.6150494,0.829720808,1.812929371,2.710173019,5.921693436,8.631866455,3.211520417,37.20539971,36.00361438
7/9/2018,47.375,47.669998,47.325001,45.805038,2.49226,0.5625,0,30.92052016,1.332955036,1.683434416,4.310907545,5.444392291,9.755299836,1.133484745,11.6191687,34.26186826
7/10/2018,47.677502,47.82,47.544998,45.749752,2.014962,0.150002,0,30.72687357,1.387745962,1.5631891,4.516391683,5.087367891,9.603759574,0.570976209,5.945340512,32.23925914
7/11/2018,47.125,47.445,46.9025,45.156113,1.695248,0,0.642498,30.22734489,1.288621251,2.094030736,4.26309772,6.927603941,11.19070166,2.664506221,23.81000139,31.6371693
7/12/2018,47.3825,47.852501,47.327499,45.913197,2.696388,0.407501,0,30.76463683,1.604077876,1.944457112,5.214031568,6.320429274,11.53446084,1.106397706,9.592105963,30.06252192
7/13/2018,47.77,47.959999,47.724998,45.985302,2.046802,0.107498,0,30.61396477,1.596998885,1.805567318,5.216569944,5.897855217,11.11442516,0.681285273,6.129739177,28.35303743
7/16/2018,47.880001,48.162498,47.605,45.884346,2.177196,0,0,30.604449,1.482927536,1.676598224,4.845463925,5.478282665,10.32374659,0.632818739,6.129739177,26.76565899
7/17/2018,47.4375,47.967499,47.299999,46.014141,2.083153,0,0.305001,30.50156993,1.37700414,1.861842208,4.514535297,6.104086486,10.61862178,1.58955119,14.969468,25.92307392
7/18/2018,47.945,47.950001,47.482498,45.76178,1.93586,0,0,30.25874636,1.278646702,1.728853479,4.225709441,5.713566115,9.939275556,1.487856674,14.969468,25.14067349
7/19/2018,47.422501,48.137501,47.422501,46.117489,2.375721,0,0,30.47312833,1.187314794,1.605363945,3.896268153,5.268129767,9.16439792,1.371861614,14.969468,24.41415882
7/20/2018,47.945,48.107498,47.5425,46.011745,1.990009,0,0,30.28648531,1.102506595,1.490695091,3.640259289,4.921981129,8.562240418,1.281721839,14.969468,23.73953804
7/23/2018,47.669998,47.990002,47.389999,46.052597,1.978257,0,0.152501,30.10142193,1.023756124,1.536717871,3.40102247,5.105133818,8.506156288,1.704111347,20.03385889,23.47484668
7/24/2018,48.112499,48.415001,48.012501,46.386677,2.362404,0.424999,0,30.31372436,1.375629686,1.426952308,4.537976495,4.707281399,9.245257894,0.169304905,1.831262107,21.92887635
7/25/2018,48.264999,48.712502,48.107498,46.824104,2.325825,0,0,30.47428334,1.277370423,1.325027144,4.191634005,4.348017405,8.539651409,0.1563834,1.831262107,20.49333247
7/26/2018,48.6525,48.990002,48.4025,46.677494,2.165898,0.2775,0,30.46344681,1.463629679,1.230382348,4.80454391,4.038880942,8.843424851,0.765662968,8.657991452,19.64795097
7/27/2018,48.747501,48.797501,47.525002,45.901184,2.120007,0,0.877498,30.40749333,1.359084702,2.019995894,4.469571651,6.643085875,11.11265753,2.173514224,19.55890586,19.64159061
7/30/2018,47.974998,48.049999,47.267502,45.644016,2.148815,0,0.2575,30.38434452,1.262007223,2.133210473,4.153478519,7.020755284,11.1742338,2.867276764,25.65971694,20.07145677
7/31/2018,47.575001,48.035,47.334999,45.73534,2.390984,0,0,30.6050182,1.17186385,1.980838297,3.828992495,6.472266358,10.30125885,2.643273863,25.65971694,20.47061822
8/1/2018,49.782501,50.439999,49.327499,48.429611,4.704659,0,0,33.12360447,1.088159289,1.839349847,3.285147575,5.552988198,8.838135773,2.267840622,25.65971694,20.84126812
8/2/2018,50.145,52.095001,50.087502,49.845249,3.66539,0,0,34.42302272,1.010433626,1.707967715,2.935342529,4.961701733,7.897044262,2.026359204,25.65971694,21.18544304
8/3/2018,51.7575,52.185001,51.369999,49.989452,2.339752,0.09,0,34.30398738,1.028259795,1.585970021,2.997493509,4.623281846,7.620775355,1.625788336,21.33363419,21.19602812
8/6/2018,52,52.3125,51.767502,50.249027,2.323048,0.127499,0,34.17675057,1.082311667,1.472686448,3.166806817,4.309030038,7.475836855,1.142223221,15.27886767,20.7733738
8/7/2018,52.330002,52.375,51.689999,49.777939,2.125973,0,0.077503,33.8615271,1.005003691,1.444997559,2.967981,4.267372687,7.235353687,1.299391687,17.95892423,20.57234169
8/8/2018,51.512501,51.952499,51.130001,49.811604,2.17456,0,0.559998,33.61740659,0.933217713,1.901781448,2.775995555,5.657133135,8.43312869,2.88113758,34.16451575,21.54321127
8/9/2018,52.3825,52.445,51.799999,50.203365,2.633396,0.492501,0,33.84955927,1.359060305,1.765939916,4.015001478,5.217024841,9.232026319,1.202023363,13.02014663,20.93442094
8/10/2018,51.84,52.275002,51.6675,50.053822,2.071637,0,0.132499,33.5033706,1.261984569,1.77230035,3.766739125,5.289916561,9.056655686,1.523177436,16.81832112,20.64041381
8/13/2018,52.327499,52.737499,51.924999,50.377022,2.683677,0,0,33.7939497,1.171842814,1.645707468,3.467611286,4.869828719,8.337440005,1.402217434,16.81832112,20.36740719
8/14/2018,52.540001,52.639999,52.064999,50.58926,2.262977,0,0,33.64307315,1.088139756,1.528156935,3.234364919,4.54226321,7.776628129,1.307898291,16.81832112,20.11390104
8/15/2018,52.305,52.685001,52.0825,50.707447,2.095741,0,0,33.3357375,1.010415487,1.419002868,3.031027849,4.256701589,7.287729438,1.22567374,16.81832112,19.87850247
8/16/2018,52.9375,53.452499,52.8675,51.450306,2.745052,0.767498,0,33.69966539,1.705740953,1.31764552,5.06159611,3.909966182,8.971562292,1.151629929,12.836448,19.37549858
8/17/2018,53.360001,54.487499,53.290001,52.477772,3.037193,0,0,34.32973944,1.583902313,1.223527983,4.613790664,3.564046809,8.177837473,1.049743855,12.836448,18.90842354
8/20/2018,54.525002,54.794998,53.7775,51.966454,2.317226,0.307499,0,34.19484119,1.778265434,1.136133127,5.20039097,3.322527865,8.522918836,1.877863105,22.03309853,19.13161461
8/21/2018,54.200001,54.297501,53.5075,51.865158,2.331047,0,0.27,34.08339953,1.651246474,1.324980761,4.844723521,3.887466564,8.732190086,0.957256957,10.96239257,18.54809875
8/22/2018,53.525002,54.09,53.459999,51.867565,2.224842,0,0.047501,33.873713,1.533300297,1.277840278,4.526519716,3.772365545,8.298885261,0.754154171,9.087415325,17.87233565
8/23/2018,53.662498,54.262501,53.650002,51.97369,2.394936,0.172501,0,33.84909807,1.596279848,1.186565972,4.715871142,3.505458166,8.221329308,1.210412976,14.72283776,17.64737152
8/24/2018,54.150002,54.224998,53.7775,52.135288,2.251308,0,0,33.68261335,1.482259858,1.10181126,4.400667618,3.271157284,7.671824902,1.129510334,14.72283776,17.43847625
8/27/2018,54.287498,54.685001,54.0825,52.564598,2.549713,0,0,33.82642539,1.376384154,1.023110456,4.068961288,3.024589338,7.093550625,1.04437195,14.72283776,17.24450207
8/28/2018,54.752499,55.134998,54.73,52.989086,2.5704,0.449997,0,33.98065215,1.728068,0.950031137,5.085446838,2.79580019,7.881247028,2.289646648,29.05183202,18.08788278
8/29/2018,55.037498,55.872501,54.852501,53.780193,2.883415,0,0,34.43687771,1.604634572,0.882171771,4.659640125,2.561706604,7.221346729,2.097933521,29.05183202,18.87102201
8/30/2018,55.8125,57.064999,55.599998,54.274624,3.284806,0,0,35.26190673,1.490017817,0.819159501,4.225573585,2.323072054,6.54864564,1.902501531,29.05183202,19.59822273
8/31/2018,56.627499,57.217499,56.5,54.901718,2.942875,0.1525,0,35.68607411,1.536087973,0.760648108,4.304446513,2.131498427,6.43594494,2.172948086,33.76268918,20.60997033
9/4/2018,57.102501,57.294998,56.657501,55.077778,2.39328,0.077499,0,35.53034882,1.503866403,0.706316101,4.232624934,1.98792335,6.220548284,2.244701584,36.08526904,21.71534881
9/5/2018,57.247501,57.4175,56.275002,54.71841,2.339722,0,0.382499,35.33218876,1.396447374,1.03836395,3.952337581,2.938861098,6.891198679,1.013476483,14.70682431,21.21473992
9/6/2018,56.557499,56.837502,55.325001,53.809132,2.119092,0,0.950001,34.92755299,1.296701133,1.914196097,3.712545032,5.480475822,9.193020854,1.76793079,19.23122789,21.07306049
9/7/2018,55.462502,56.342499,55.177502,53.374992,2.533367,0,0.147499,34.96609478,1.204079624,1.924966804,3.443563348,5.505238193,8.948801541,2.061674846,23.03855814,21.21345318
9/10/2018,55.237499,55.462502,54.1175,52.658653,2.08751,0,1.060002,34.55602658,1.118073936,2.847471175,3.235539636,8.240157962,11.4756976,5.004618326,43.61058039,22.81324798
9/11/2018,54.502499,56.075001,54.139999,53.990025,3.416348,0,0,35.50408696,1.038211512,2.644080377,2.92420282,7.447256367,10.37145919,4.523053547,43.61058039,24.29877172
9/12/2018,56.235001,56.25,54.959999,53.319527,2.259975,0.174999,0,35.22805575,1.139052547,2.455217493,3.233367618,6.969494741,10.20286236,3.736127123,36.6184213,25.17874669
9/13/2018,55.880001,57.087502,55.642502,54.60746,3.767975,0,0,36.47974106,1.057691651,2.279844815,2.899394624,6.249618964,9.149013587,3.35022434,36.6184213,25.99586631
9/14/2018,56.4375,56.709999,55.630001,53.98761,2.102539,0,0.012501,35.97658427,0.982142247,2.129499757,2.729948569,5.919127122,8.649075691,3.189178553,36.87305635,26.77280845
9/17/2018,55.537498,55.737499,54.317501,52.550125,1.749889,0,1.3125,35.15671725,0.91198923,3.289892631,2.594068221,9.357792447,11.95186067,6.763724226,56.5913912,28.90270722
9/18/2018,54.447498,55.462502,54.279999,52.636951,2.912377,0,0.037502,35.55790016,0.846847142,3.0924023,2.381600539,8.696807986,11.07840852,6.315207447,57.00464496,30.90998849
9/19/2018,54.625,54.904999,53.825001,52.668308,2.268048,0,0.454998,35.28609815,0.78635806,3.326514422,2.228520867,9.427266251,11.65578712,7.198745384,61.76112614,33.11364118
9/20/2018,55.060001,55.57,54.787498,53.068672,2.901692,0.665001,0,35.66735457,1.395190627,3.088906249,3.911673979,8.660317779,12.57199176,4.748643801,37.77161083,33.44635329
9/21/2018,55.195,55.34,54.322498,52.497066,2.271328,0,0.465,35.39101438,1.295534154,3.333270088,3.660630181,9.418407882,13.07903806,5.757777701,44.02294475,34.20182411
9/24/2018,54.205002,55.314999,54.157501,53.25198,2.817933,0,0.164997,35.68101778,1.202996,3.260176368,3.371529387,9.137004968,12.50853436,5.765475581,46.09233518,35.05114633
9/25/2018,54.9375,55.705002,54.924999,53.589645,2.453022,0.390003,0,35.58539566,1.507070714,3.027306627,4.23508208,8.507160231,12.74224231,4.272078151,33.52689461,34.94227121
9/26/2018,55.25,55.9375,54.939999,53.162739,2.347855,0,0,35.39143668,1.399422806,2.811070439,3.954128279,7.942798324,11.8969266,3.988670045,33.52689461,34.84117288
9/27/2018,55.955002,56.610001,55.884998,54.255329,3.447262,0.672501,0,36.31073892,1.971965034,2.610279694,5.430803925,7.188726453,12.61953038,1.757922528,13.93017391,33.3475301
9/28/2018,56.197498,56.459999,56.005001,54.445862,2.20467,0,0,35.92178471,1.831110389,2.423831144,5.0974928,6.747524278,11.84501708,1.650031478,13.93017391,31.96057608
10/1/2018,56.987499,57.355,56.587502,54.812473,2.909138,0,0,36.26508094,1.70031679,2.250700348,4.688578505,6.206246587,10.89482509,1.517668082,13.93017391,30.67269021
10/2/2018,56.8125,57.5,56.657501,55.299671,2.687527,0,0,36.36224502,1.578865591,2.089936038,4.342046509,5.747544016,10.08959053,1.405497506,13.93017391,29.47679619
10/3/2018,57.512501,58.3675,57.445,55.972584,3.067829,0,0,36.8327708,1.466089477,1.940654892,3.980394211,5.26882678,9.249220992,1.288432569,13.93017391,28.36632317
10/4/2018,57.695,58.087502,56.682499,54.988537,2.114918,0,0.762501,36.3167766,1.3613688,2.564537686,3.748594802,7.061578492,10.81017329,3.31298369,30.64690639,28.52922197
10/5/2018,56.990002,57.102501,55.145,54.096134,2.113964,0,1.537499,35.83668513,1.264128171,3.918855422,3.527469594,10.93531784,14.46278743,7.407848245,51.22005893,30.14999604
10/8/2018,55.552502,56.200001,55.049999,53.970722,2.103867,0,0.095001,35.38078891,1.173833302,3.733938178,3.31771376,10.55357524,13.871289,7.235861479,52.16430484,31.72244667
10/9/2018,55.91,56.817501,55.5625,54.71841,2.846779,0,0,35.7003687,1.089988066,3.467228308,3.053156328,9.712023809,12.76518014,6.65886748,52.16430484,33.1825794
10/10/2018,56.365002,56.587502,54.012501,52.183517,2.575001,0,1.549999,35.72534336,1.012131776,4.769568143,2.833091807,13.35065725,16.18374905,10.51756544,64.98843627,35.45442632
10/11/2018,53.630001,54.875,53.080002,51.722843,2.691483,0,0.932499,35.86501612,0.939836649,5.361383704,2.620482996,14.94878376,17.56926675,12.32830076,70.16969424,37.93408831
10/12/2018,55.105,55.720001,54.209999,53.570354,3.997158,0.845001,0,37.30038726,1.71770646,4.978427725,4.605063341,13.34685265,17.95191599,8.741789309,48.69557831,38.70276617
10/15/2018,55.290001,55.4575,54.317501,52.424709,1.887146,0,0,36.52321988,1.595013141,4.622825745,4.367120824,12.65722398,17.0243448,8.290103155,48.69557831,39.41653846
10/16/2018,54.732498,55.747501,54.189999,53.57999,3.322792,0,0,37.23721046,1.481083631,4.292623906,3.977429063,11.52778055,15.50520962,7.55035149,48.69557831,40.07932702
10/17/2018,55.575001,55.66,54.834999,53.348461,2.08001,0,0,36.65741972,1.375291943,3.986007913,3.751742359,10.8736729,14.62541526,7.121930539,48.69557831,40.69477354
10/18/2018,54.465,54.935001,53.25,52.101509,1.685001,0,1.584999,35.72403359,1.277056804,5.286292062,3.574783349,14.79757891,18.37236226,11.22279556,61.08520725,42.15123309
10/19/2018,54.514999,55.314999,54.357498,52.895027,3.21349,0.379998,0,36.38580691,1.565836461,4.908699772,4.303426512,13.49069923,17.79412574,9.187272716,51.63093062,42.82835435
10/22/2018,54.947498,55.84,54.735001,53.218216,2.944973,0,0,36.7317937,1.453991,4.558078359,3.958399123,12.40908189,16.36748101,8.450682766,51.63093062,43.45710979
10/23/2018,53.9575,55.8125,53.674999,53.719887,2.594284,0,1.060002,36.70237815,1.3501345,5.292503334,3.678602226,14.42005559,18.09865782,10.74145337,59.34944721,44.59227675
10/24/2018,55.650002,56.057499,53.634998,51.877205,2.422501,0,0,36.50328071,1.253696321,4.914467381,3.434475742,13.4630841,16.89755984,10.02860836,59.34944721,45.64636036
10/25/2018,54.427502,55.345001,54.1875,53.01321,3.467796,0,0,37.36369952,1.164146584,4.563433997,3.115715518,12.21354966,15.32926518,9.097834147,59.34944721,46.62515227
10/26/2018,53.974998,55.047501,53.1675,52.169044,2.034291,0,1.02,36.72915484,1.080993256,5.257474426,2.943147647,14.31417208,17.25731972,11.37102443,65.89102254,48.00128586
10/29/2018,54.797501,54.922501,51.522499,51.189827,3.400002,0,1.645001,37.50564578,1.003779452,6.526941538,2.676342272,17.40255741,20.07889968,14.72621514,73.34174367,49.81131857
10/30/2018,52.787498,53.794998,52.317501,51.445488,2.605171,0,0,37.43184208,0.93208092,6.060731428,2.490074943,16.19137903,18.68145397,13.70130409,73.34174367,51.49206322
10/31/2018,54.220001,55.112499,54.154999,52.786488,3.667011,1.317501,0,38.42515007,2.183004712,5.627822041,5.68118721,14.64619404,20.32738125,8.965006831,44.10310763,50.96428067
11/1/2018,54.762501,55.59,54.202499,53.596893,2.803512,0,0,38.4840085,2.027075804,5.225834752,5.267319811,13.57923708,18.84655689,8.31191727,44.10310763,50.47419688
11/2/2018,52.387501,53.412498,51.357498,50.041763,2.239395,0,2.845001,37.97454575,1.882284675,7.697561841,4.956700963,20.27031974,25.2270207,15.31361877,60.70323942,51.20484278
11/5/2018,51.075001,51.0975,49.5425,48.621166,1.555,0,1.814998,36.81707819,1.747835769,8.962733995,4.747350564,24.34395785,29.09130841,19.59660728,67.36241287,52.35895493
11/6/2018,50.48,51.18,50.422501,49.146961,2.558834,0.0825,0,36.74612089,1.705490357,8.32253871,4.641279993,22.6487545,27.29003449,18.00747451,65.98553223,53.33228188
11/7/2018,51.4925,52.514999,51.032501,50.637497,3.368038,0,0,37.48943597,1.583669618,7.728071659,4.224308999,20.61399821,24.83830721,16.38968921,65.98553223,54.23608548
11/8/2018,52.494999,52.529999,51.6875,50.460827,1.892502,0.015,0,36.70412112,1.485550359,7.176066541,4.047366655,19.55111939,23.59848604,15.50375273,65.69808209,55.05479952
11/9/2018,51.387501,51.502499,50.5625,49.487862,1.041672,0,1.125,35.12407018,1.379439619,7.788490359,3.927334196,22.17422502,26.10155922,18.24689083,69.90728283,56.11569119
11/12/2018,49.75,49.962502,48.447498,46.994957,1.515004,0,2.115002,34.13021203,1.280908218,9.347171619,3.753003986,27.38679623,31.13980021,23.63379224,75.89577351,57.52855421
11/13/2018,47.907501,49.294998,47.862499,46.525414,2.300041,0,0.584999,33.99238074,1.189414774,9.264515504,3.499062872,27.25468267,30.75374555,23.7556198,77.24463925,58.936846
11/14/2018,48.474998,48.619999,46.482498,45.211205,2.137501,0,1.380001,33.70185454,1.104456576,9.982765396,3.277138871,29.62081919,32.89795806,26.34368031,80.07694663,60.44685319
11/15/2018,47.0975,47.9925,46.724998,46.32695,2.781295,0,0,34.07587422,1.02556682,9.269710725,3.009656667,27.20314867,30.21280534,24.19349201,80.07694663,61.84900272
11/16/2018,47.625,48.7425,47.365002,46.84005,2.41555,0,0,34.0574332,0.952312047,8.60758853,2.796194421,25.27374415,28.06993857,22.47754973,80.07694663,63.15099871
11/19/2018,47.5,47.674999,46.247501,44.983681,1.427498,0,1.117501,33.0522574,0.884289758,9.110261778,2.675429238,27.56320595,30.23863519,24.88777671,82.30456354,64.51911048
11/20/2018,44.592499,45.3675,43.877499,42.834454,1.490001,0,2.370002,32.18138287,0.821126204,10.82953079,2.551556617,33.65153958,36.20309619,31.09998296,85.90420773,66.04661743
11/21/2018,44.932499,45.067501,44.137501,42.786049,2.233047,0,0,32.11575967,0.762474332,10.05599288,2.374143848,31.31170797,33.68585182,28.93756412,85.90420773,67.46501674
11/23/2018,43.735001,44.150002,43.025002,41.699333,1.363953,0,1.112499,31.18572983,0.70801188,10.45020667,2.270307233,33.50957868,35.77988591,31.23927144,87.30958931,68.88248621
11/26/2018,43.560001,43.737499,42.564999,42.263268,2.038166,0,0.460003,30.9963437,0.657439603,10.16376634,2.121023077,32.79021048,34.91123355,30.6691874,87.84905109,70.23724084
11/27/2018,42.877499,43.692501,42.720001,42.171295,1.429233,0,0,30.21155215,0.610479631,9.437783031,2.020682778,31.2389876,33.25967038,29.21830482,87.84905109,71.49522729
11/28/2018,44.182499,45.322498,43.732498,43.7929,3.151203,0,0,31.20478714,0.566873943,8.763655671,1.816624932,28.08433088,29.90095581,26.26770595,87.84905109,72.66335756
11/29/2018,45.665001,45.700001,44.424999,43.45647,1.907101,0.377503,0,30.88297477,0.903885947,8.137680266,2.926809849,26.35005315,29.27686299,23.4232433,80.00598733,73.18783111
11/30/2018,45.072498,45.0825,44.2575,43.221706,1.62603,0,0.167499,30.30307801,0.839322665,7.72391639,2.769760436,25.48888396,28.2586444,22.71912353,80.39707499,73.70277711
12/3/2018,46.115002,46.235001,45.302502,44.731976,3.013295,0,0,31.15186743,0.779371046,7.172208076,2.501843744,23.02336478,25.52520853,20.52152104,80.39707499,74.18094124
12/4/2018,45.237499,45.5975,44.067501,42.764267,1.529999,0,1.235001,30.45673305,0.723701686,7.8949085,2.376163211,25.92171816,28.29788137,23.54555494,83.20606988,74.82559329
12/6/2018,42.939999,43.695,42.605,42.287472,1.09,0,1.462501,29.37125211,0.672008708,8.793487464,2.287981138,29.93909633,32.22707747,27.65111519,85.80087729,75.60954214
12/7/2018,43.372501,43.622501,42.075001,40.779625,1.5475,0,0.529999,28.82080553,0.624008086,8.695380216,2.165130623,30.17049682,32.33562744,28.00536619,86.6083896,76.3951741
12/10/2018,41.25,42.522499,40.8325,41.048279,1.742874,0,1.242501,28.50505057,0.57943608,9.31678263,2.032748824,32.68467322,34.71742205,30.6519244,88.28974789,77.24478652
12/11/2018,42.915001,42.947498,41.75,40.813507,1.899219,0.424999,0,28.36819453,0.963046789,8.651298156,3.394811707,30.49647078,33.89128249,27.10165908,79.96646065,77.43919181
12/12/2018,42.599998,42.98,42.255001,40.927265,2.166493,0.032502,0,28.50838792,0.926759732,8.033348288,3.250831773,28.17889356,31.42972534,24.92806179,79.31364822,77.57308156
12/13/2018,42.622501,43.142502,42.387501,41.375015,2.215237,0,0,28.6873115,0.860562609,7.459537696,2.999802226,26.00291664,29.00271887,23.00311442,79.31364822,77.69740775
12/14/2018,42.25,42.27,41.32,40.051113,0.95,0,1.067501,27.58821782,0.799093851,7.994214575,2.896504066,28.97691554,31.8734196,26.08041147,81.8249557,77.9922326
12/17/2018,41.362499,42.087502,40.682499,39.678383,2.036389,0,0.637501,27.65401983,0.742015719,8.060700248,2.68321106,29.14838529,31.83159635,26.46517423,83.14120956,78.36001667
12/18/2018,41.345001,41.8825,41.0975,40.193913,2.204117,0,0,27.8828497,0.689014596,7.484935944,2.471105369,26.84422871,29.31533408,24.37312334,83.14120956,78.70153045
12/19/2018,41.5,41.862499,39.772499,38.940197,2.09,0,1.325001,27.98121758,0.639799268,8.275298663,2.286531191,29.57447666,31.86100785,27.28794547,85.64683703,79.19762377
12/20/2018,40.099998,40.5275,38.825001,37.95755,1.702499,0,0.947498,27.68505818,0.59409932,8.631703901,2.145920432,31.17820394,33.32412438,29.03228351,87.12091932,79.76357346
12/21/2018,39.215,39.540001,37.407501,36.481171,2.1325,0,1.4175,27.84005402,0.551663654,9.432653622,1.981546637,33.88159238,35.86313902,31.90004574,88.94939656,80.41970368
12/24/2018,37.037498,37.887501,36.647499,35.537251,1.40633,0,0.760002,27.25780874,0.512259108,9.518894649,1.879311402,34.92171635,36.80102775,33.04240495,89.78663631,81.08877029
12/26/2018,37.075001,39.307499,36.68,38.039845,3.770248,0,0,29.0810704,0.475669171,8.838973603,1.635665967,30.39425125,32.02991722,28.75858528,89.78663631,81.71004644
12/27/2018,38.959999,39.192501,37.517502,37.792969,1.674999,0,0,28.67885008,0.441692802,8.207618346,1.540134282,28.6190636,30.15919788,27.07892932,89.78663631,82.28694572
12/28/2018,39.375,39.630001,38.637501,37.812332,1.837032,0.4375,0,28.46739279,0.847643316,7.621359892,2.977593776,26.77224412,29.74983789,23.79465034,79.98245377,82.12233915
12/31/2018,39.6325,39.84,39.119999,38.177803,2.027668,0.209999,0,28.46167559,0.997096365,7.076977043,3.503294673,24.86493467,28.36822935,21.36164,75.30128067,81.63512069
1/2/2019,38.7225,39.712502,38.557499,38.221363,1.534699,0,0.5625,27.96339776,0.925875196,7.133978683,3.311025376,25.51184496,28.82287033,22.20081958,77.02501286,81.30582727
1/3/2019,35.994999,36.43,35.5,34.414238,2.721363,0,3.057499,28.68737521,0.859741253,9.681907777,2.996932438,33.7497164,36.74664884,30.75278396,83.6886762,81.47603076
1/4/2019,36.1325,37.137501,35.950001,35.883362,2.723263,0,0,29.36153998,0.798331164,8.990342936,2.718968979,30.619453,33.33842198,27.90048402,83.6886762,81.63407687
1/7/2019,37.174999,37.2075,36.474998,35.80349,1.324138,0.069999,0,28.58842513,0.811306509,8.348175583,2.837884584,29.20124332,32.03912791,26.36335874,82.28488246,81.68056298
1/8/2019,37.389999,37.955002,37.130001,36.486008,2.151512,0,0,28.69790676,0.753356044,7.751877327,2.625125417,27.01199566,29.63712107,24.38687024,82.28488246,81.72372866
1/9/2019,37.822498,38.6325,37.407501,37.10561,2.146492,0,0,28.79454828,0.699544898,7.198171804,2.429435224,24.99838419,27.42781941,22.56894897,82.28488246,81.76381107
1/10/2019,38.125,38.4925,37.715,37.224201,1.38689,0,0,28.12468483,0.649577406,6.684016675,2.309634435,23.76565894,26.07529338,21.45602451,82.28488246,81.80103046
1/11/2019,38.220001,38.424999,37.877499,36.858734,1.200798,0,0,27.31657677,0.603179019,6.206586912,2.208106179,22.72095426,24.92906044,20.51284808,82.28488246,81.83559132
1/14/2019,37.712502,37.817501,37.305,36.304485,0.958767,0,0.572499,26.32415971,0.560094804,6.335758276,2.127683504,24.06822609,26.19590959,21.94054258,83.75560508,81.97273516
1/15/2019,37.567501,38.3475,37.512501,37.047516,2.043015,0,0,26.48687759,0.520088032,5.883204113,1.963568678,22.21176918,24.17533786,20.2482005,83.75560508,82.10008301
1/16/2019,38.27,38.970001,38.25,37.500118,1.922485,0.622501,0,26.51744276,1.105439887,5.462975248,4.168727342,20.60144071,24.77016805,16.43271337,66.34074235,80.97441582
1/17/2019,38.549999,39.415001,38.314999,37.722786,1.914883,0,0,26.53822271,1.026479895,5.07276273,3.867930066,19.11493014,22.9828602,15.24700007,66.34074235,79.92915343
1/18/2019,39.375,39.470001,38.994999,37.955135,1.747215,0.055,0,26.38985037,1.008159903,4.710422535,3.820256228,17.84937189,21.66962812,14.02911567,64.74091566,78.8442793
1/22/2019,39.102501,39.182499,38.154999,37.103199,1.227364,0,0.84,25.73222506,0.936148481,5.213963783,3.63803938,20.26238994,23.90042932,16.62435056,69.55670268,78.18088097
1/23/2019,38.537498,38.785,37.924999,37.25325,1.681801,0,0.23,25.57600998,0.869280732,5.071537798,3.398812922,19.82927674,23.22808966,16.43046382,70.73532114,77.64905527
1/24/2019,38.5275,38.619999,37.935001,36.957973,1.366749,0,0,25.11590113,0.807189251,4.709285098,3.213857418,18.75021356,21.96407097,15.53635614,70.73532114,77.15521712
1/25/2019,38.869999,39.532501,38.580002,38.182648,2.574528,0,0,25.89643619,0.749532876,4.372907591,2.894347588,16.88613661,19.78048419,13.99178902,70.73532114,76.69665312
1/28/2019,38.947498,39.0825,38.415001,37.829285,0.899852,0,0.165001,24.94654275,0.695994814,4.225558049,2.789944966,16.93845152,19.72839649,14.14850655,71.71645482,76.34092467
1/29/2019,39.0625,39.532501,38.5275,37.437199,1.703216,0,0,24.86786284,0.646280898,3.923732474,2.598859832,15.77832603,18.37718586,13.17946619,71.71645482,76.01060539
1/30/2019,40.8125,41.537498,40.057499,39.995449,4.100299,0,0,27.19188592,0.600117977,3.643465869,2.206974459,13.39909221,15.60606667,11.19211775,71.71645482,75.70388035
1/31/2019,41.5275,42.25,41.139999,40.283463,2.254551,0.712502,0,27.50415936,1.269754407,3.383218307,4.616590498,12.30075155,16.91734204,7.684161047,45.42179869,73.54087452
2/1/2019,41.740002,42.244999,41.482498,40.302826,1.961536,0,0,27.50111254,1.179057664,3.141559856,4.287308966,11.42339188,15.71070084,7.13608291,45.42179869,71.5323691
2/4/2019,41.852501,42.915001,41.82,41.447632,2.612175,0,0,28.14892236,1.094839259,2.917162724,3.889453547,10.36331937,14.25277292,6.473865823,45.42179869,69.66732836
2/5/2019,43.215,43.77,43.087502,42.156765,2.322368,0.854999,0,28.46065305,1.871635455,2.708793958,6.576221044,9.517680262,16.09390131,2.941459218,18.27685632,65.99658036
2/6/2019,43.662498,43.892502,43.212502,42.171295,1.735737,0.122502,0,28.16348626,1.860449208,2.515308675,6.605891015,8.931098415,15.53698943,2.3252074,14.96562388,62.35151204
2/7/2019,43.099998,43.485001,42.584999,41.372597,1.313706,0,0.627503,27.46551467,1.727559979,2.96314677,6.289923928,10.78860821,17.07853213,4.498684279,26.3411647,59.77934437
2/8/2019,42.247501,42.665001,42.105,41.4212,1.292404,0,0.479999,26.79609619,1.604162838,3.231492429,5.986554258,12.05956422,18.04611848,6.073009962,33.65272133,57.91315701
2/11/2019,42.762501,42.802502,42.3125,41.183006,1.381302,0.137501,0,26.26339132,1.627080778,3.000671541,6.195242488,11.42530111,17.6205436,5.230058625,29.68159635,55.89661696
2/12/2019,42.525002,42.75,42.424999,41.537888,1.566994,0,0,25.9544288,1.510860722,2.78633786,5.82120583,10.7355006,16.55670643,4.914294771,29.68159635,54.02411549
2/13/2019,42.8475,43.119999,42.48,41.365299,1.582111,0,0,25.68265203,1.402942099,2.587313727,5.462606034,10.07416884,15.53677487,4.611562802,29.68159635,52.28536412
2/14/2019,42.427502,42.814999,42.345001,41.515999,1.4497,0,0.134999,25.29787688,1.302731949,2.537504604,5.14957028,10.0305042,15.18007448,4.880933921,32.15355713,50.84737791
2/15/2019,42.8125,42.924999,42.4375,41.423637,1.409,0,0,24.89988568,1.209679667,2.356254275,4.858173579,9.46291202,14.3210856,4.60473844,32.15355713,49.512105
2/19/2019,42.427502,42.860001,42.372501,41.547607,1.436364,0,0.064999,24.55768642,1.123273977,2.252949398,4.57402199,9.174110948,13.74813294,4.600088958,33.4597358,48.3655072
2/20/2019,42.797501,43.330002,42.747501,41.814976,1.782395,0,0,24.58596096,1.043040121,2.092024441,4.242421613,8.509020431,12.75144204,4.266598818,33.4597358,47.30080924
2/21/2019,42.950001,43.092499,42.575001,41.579208,1.277523,0,0.1725,24.10734389,0.968537255,2.115094124,4.01760252,8.773650608,12.79125313,4.756048089,37.18203401,46.57803958
2/22/2019,42.895,43.25,42.845001,42.043468,1.670792,0.157501,0,24.05618275,1.056857023,1.964015972,4.393286473,8.16428771,12.55757418,3.771001236,30.02969508,45.39601497
2/25/2019,43.540001,43.967499,43.487499,42.349739,1.924031,0,0,24.26191499,0.981367236,1.823729117,4.044887785,7.51683912,11.5617269,3.471951335,30.02969508,44.2984207
2/26/2019,43.427502,43.825001,43.2925,42.374035,1.475262,0,0.194999,24.00418306,0.911269576,1.888461751,3.796294895,7.867219421,11.66351432,4.070924526,34.90306966,43.62732419
2/27/2019,43.302502,43.75,43.182499,42.505291,1.375965,0,0.110001,23.66556355,0.846178892,1.863572626,3.575570427,7.874617573,11.450188,4.299047145,37.54564681,43.19291867
2/28/2019,43.580002,43.727501,43.23,42.087212,1.22221,0,0,23.19737616,0.785737543,1.730460296,3.387182831,7.459724256,10.84690709,4.072541424,37.54564681,42.7895421
3/1/2019,43.57,43.787498,43.2225,42.529602,1.700286,0,0,23.24070672,0.729613432,1.606855989,3.139377133,6.913972146,10.05334928,3.774595013,37.54564681,42.41497815
3/4/2019,43.922501,44.4375,43.4925,42.743504,1.907898,0,0,23.48855424,0.677498187,1.492080561,2.884375855,6.352372931,9.236748786,3.467997076,37.54564681,42.06716877
3/5/2019,43.985001,44,43.634998,42.665722,1.256496,0,0,23.06729636,0.62910546,1.385503378,2.727261356,6.006353568,8.733614924,3.279092213,37.54564681,41.74420292
3/6/2019,43.6675,43.872501,43.485001,42.420216,1.206779,0,0.149997,22.62641134,0.584169355,1.436535851,2.581802949,6.348933686,8.930736635,3.767130736,42.18163507,41.77544807
3/7/2019,43.467499,43.610001,43.005001,41.929226,1.189785,0,0.48,22.2000241,0.542442973,1.813926148,2.443434162,8.170829633,10.61426379,5.727395471,53.95942274,42.64573198
3/8/2019,42.580002,43.267502,42.375,42.028881,1.338276,0,0.630001,21.95258409,0.503697046,2.314360994,2.294477242,10.54254472,12.83702196,8.248067473,64.25218793,44.18905026
3/11/2019,43.872501,44.779999,43.837502,43.484859,2.751118,0,0,23.13566037,0.467718686,2.149049495,2.021635338,9.28890492,11.31054026,7.267269583,64.25218793,45.62213152
3/12/2019,45,45.6675,44.842499,43.973423,2.182641,0.887501,0,23.6657542,1.321811208,1.995545959,5.585333122,8.432209438,14.01754256,2.846876315,20.30938235,43.81407801
3/13/2019,45.5625,45.825001,45.23,44.167881,1.851578,0.157501,0,23.82692119,1.384897122,1.853006962,5.812320908,7.776946705,13.58926761,1.964625797,14.45718675,41.7171572
3/14/2019,45.974998,46.025002,45.639999,44.658871,1.857121,0.200001,0,23.98211925,1.485976899,1.720649322,6.196186766,7.174717565,13.37090433,0.978530799,7.318359142,39.2601002
3/15/2019,46.212502,46.8325,45.935001,45.239807,2.173629,0,0,24.44273973,1.379835692,1.597745799,5.645176061,6.536688672,12.18186473,0.891512611,7.318359142,36.97854727
3/18/2019,46.450001,47.0975,46.447498,45.701637,1.857693,0.265,0,24.55452275,1.546276,1.483621099,6.297316447,6.042150012,12.33946646,0.255166435,2.067888723,34.4849288
3/19/2019,47.087502,47.247501,46.48,45.339466,1.545864,0,0,24.34649227,1.435827714,1.377648163,5.897472614,5.658507798,11.55598041,0.238964816,2.067888723,32.16942594
3/20/2019,46.557499,47.372501,46.182499,45.735672,2.033035,0,0.297501,24.6404921,1.333268591,1.576745723,5.410884595,6.399002571,11.80988717,0.988117976,8.366870588,30.46924341
3/21/2019,47.505001,49.0825,47.452499,47.420128,3.346828,0,0,26.22728495,1.238035121,1.464121029,4.720409005,5.582434595,10.3028436,0.862025591,8.366870588,28.8905025
3/22/2019,48.834999,49.422501,47.695,46.438137,2.002373,0,0,26.35628046,1.149604041,1.359540955,4.361784063,5.158318745,9.520102808,0.796534682,8.366870588,27.42452879
3/25/2019,47.877499,47.994999,46.650002,45.876648,1.556862,0,1.044998,26.030551,1.067489466,2.307428887,4.10090999,8.864310584,12.96522057,4.763400594,36.7398346,28.08990777
3/26/2019,47.915001,48.220001,46.145,45.402657,2.343353,0,0.505002,26.51457892,0.991240219,2.647614538,3.738472414,9.98550475,13.72397716,6.247032336,45.51911055,29.33485083
3/27/2019,47.1875,47.439999,46.637501,45.811016,2.037342,0,0,26.65802243,0.920437346,2.458499214,3.45275929,9.222361562,12.67512085,5.769602272,45.51911055,30.49086938
3/28/2019,47.237499,47.389999,46.8825,45.871788,1.578983,0,0,26.33286097,0.854691821,2.282892127,3.245723365,8.669366119,11.91508948,5.423642754,45.51911055,31.56431518
3/29/2019,47.4575,47.52,47.134998,46.170757,1.648212,0.130001,0,26.10015433,0.923643405,2.119828404,3.538842697,8.121899882,11.66074258,4.583057185,39.30330469,32.11710014
4/1/2019,47.91,47.919998,47.095001,46.484318,1.749241,0,0,25.98509859,0.857668876,1.968412089,3.300618135,7.575157286,10.87577542,4.274539151,39.30330469,32.63040047
4/2/2019,47.772499,48.615002,47.762501,47.160049,2.130684,0,0,26.25970412,0.796406814,1.827811226,3.032809548,6.960517214,9.993326762,3.927707666,39.30330469,33.10703648
4/3/2019,48.3125,49.125,48.287498,47.483322,1.964951,0.509998,0,26.34896197,1.249518613,1.697253281,4.742192935,6.441442676,11.18363561,1.699249741,15.19407285,31.82753908
4/4/2019,48.697498,49.092499,48.285,47.565971,1.609177,0,0.002498,26.07607026,1.160267283,1.578518904,4.449548079,6.053515304,10.50306338,1.603967225,15.27142288,30.64495935
4/5/2019,49.112499,49.275002,48.982498,47.884384,1.709031,0.182503,0,25.92252481,1.259894049,1.465767553,4.860228925,5.654416629,10.51464555,0.794187704,7.553157167,28.99554491
4/8/2019,49.105,50.057499,49.084999,48.637901,2.173115,0,0,26.2440309,1.169901617,1.361069871,4.457781739,5.186207395,9.643989134,0.728425656,7.553157167,27.46394579
4/9/2019,50.080002,50.712502,49.807499,48.492058,2.074601,0.655003,0,26.44405826,1.741340216,1.263850595,6.58499614,4.77933675,11.36433289,1.80565939,15.88882873,26.63715171
4/10/2019,49.669998,50.185001,49.544998,48.76429,1.692943,0,0.262501,26.24813996,1.616958772,1.436076552,6.16027945,5.471155497,11.63143495,0.689123952,5.924668414,25.15768862
4/11/2019,50.212502,50.25,49.610001,48.358368,1.48571,0.064999,0,25.85898282,1.566460716,1.333499656,6.05770431,5.156814036,11.21451835,0.900890273,8.033249806,23.93451442
4/12/2019,49.799999,50.035,49.052502,48.338924,1.676632,0,0.557499,25.68854461,1.454570665,1.79574868,5.662331935,6.990464844,12.65279678,1.328132909,10.49675366,22.97467436
4/15/2019,49.645,49.962502,49.502499,48.42643,1.623578,0,0,25.47722657,1.350672761,1.667480917,5.301490556,6.54498602,11.84647658,1.243495463,10.49675366,22.08339431
4/16/2019,49.865002,50.342499,49.639999,48.431293,1.916069,0,0,25.57349367,1.254196135,1.548375137,4.904281562,6.054609344,10.95889091,1.150327782,10.49675366,21.25577712
4/17/2019,49.884998,50.845001,49.6525,49.37439,2.413708,0,0,26.16052355,1.164610697,1.437776913,4.451786656,5.495979124,9.94776578,1.044192469,10.49675366,20.48727545
4/18/2019,50.779999,51.037498,50.630001,49.551834,1.663108,0.192497,0,25.95502273,1.273921218,1.335078562,4.908187643,5.143815809,10.05200345,0.235628166,2.344091576,19.19133374
4/22/2019,50.7075,51.235001,50.584999,49.714691,1.683167,0,0,25.78425953,1.182926846,1.239715808,4.587786762,4.808033391,9.395820153,0.220246629,2.344091576,17.9879593
4/23/2019,51.107498,51.9375,50.974998,50.431732,2.222809,0,0,26.16533571,1.098432071,1.151164679,4.198043102,4.399579243,8.597622345,0.201536141,2.344091576,16.87054018
4/24/2019,51.84,52.119999,51.762501,50.353966,1.688267,0.182499,0,25.98465016,1.202471637,1.06893863,4.627622962,4.113731083,8.741354044,0.513891879,5.878859001,16.08542009
4/25/2019,51.7075,51.939999,51.279999,49.896992,1.586033,0,0.482502,25.71463672,1.116580806,1.475087871,4.342199418,5.736374529,10.07857395,1.394175111,13.8330593,15.92453718
4/26/2019,51.224998,51.25,50.529999,49.658783,1.353008,0,0.75,25.23088495,1.036825034,2.119724452,4.109348666,8.401308379,12.51065704,4.291959713,34.30642929,17.23752947
4/29/2019,51.099998,51.4925,50.965,49.734135,,0.2425,0,23.42867889,1.205266103,1.968315562,5.144404894,8.401308379,13.54571327,3.256903485,24.04379466,17.72369127
,,,,,,,,,,,,,0,0,#DIV/0!,#DIV/0!
,,,,,,,,,,,,,,,#DIV/0!,#DIV/0!
,,,,,,,,,,,,,,,#DIV/0!,#DIV/0!
